accuracy,precision_weighted,recall_weighted
0.9237037037037037,0.924644358652714,0.9237037037037037
